Customer,Client Code,Region,Plan Warehouse,Extensiv Matched Customer,Extensiv Inventory,Extensiv Billing,Extensiv Facilities,Extensiv SKU Count,Extensiv On Hand,Extensiv Invoice Count,Extensiv Billing Total,Camelot Recent Activity,Camelot Last Activity,Camelot Transactions 12M,Camelot Warehouses,Camelot EDI Tx 12M,Plan System Today,Plan Status,Planned Go-Live,Listed Actual Go-Live,Direct-to-Extensiv List,Verified Current System,Conflict / Review,Plan CSR,Complexity,Plan Notes,Name Match,Match Score
Swiss Madison,,West,BLUNDELL2,"Swiss Madison, LLC",Yes,No,16160 Blundell,1,2.0,0,0,No,,0,,0,n/a,Active,,,No,Extensiv Live,Extensiv evidence but no Actual Go-Live date in plan,,,West live. East possibly end of Oct,Exact,1.0
Partake Brewing,,West,Calgary/Burnaby,,No,No,,0,0,0,0,No,,0,,0,n/a,Active,,2026-01-15,No,Needs Review,Actual Go-Live listed but no current Extensiv inventory/billing evidence,,,Dec - Preset & train 18staff by Ankit/Sufyan/Yang.,,
Eco Packaging,EP02,National/Mixed,Calgary,Eco Packaging Inc.,Yes,Yes,"Tsawwassen-3995, 8470 Brampton",186,92473.0,22,58296.0,Yes,2026-08-28,3,MEADOW,0,Camelot,Active,,2025-12-13,No,Both / Transition,Camelot activity exists within last 12 months after/listed around migration; review cutover,Kelban Zhang,,,Exact,1.0
GAF Materials LLL dba GAF (National),GM01,West,BLUNDELL2,GAF Materials LLL dba GAF,Yes,No,16160 Blundell,1,1.5,0,0,Yes,2026-04-22,147,"8470HWY50, BLUNDELL2, ALDERGROVE",88,Camelot,Active,,2025-12-08,No,Both / Transition,Camelot activity exists within last 12 months after/listed around migration; review cutover,Kajal Kajal,1,,Exact,1.0
A-Sha Foods USA (National),AS01,National/Mixed,Meadow,A-Sha Foods USA.,Yes,Yes,"8335Meadow, 2510 Royal",8,126123.0,14,29936.15,Yes,2026-07-31,62,"MEADOW, 2510ROYAL",0,Camelot,Active,,2025-12-21,No,Both / Transition,Camelot activity exists within last 12 months after/listed around migration; review cutover,Casper Chen,1,,Exact,1.0
Chanel Canada ULC (National Account),CC08,West,Burnaby,Chanel Canada ULC,Yes,Yes,7185 Burnaby,15,26.0,4,1192.0,Yes,2026-01-23,56,"2510ROYAL, BURNABY",0,Camelot,Active,,2026-01-18,No,Both / Transition,Camelot activity exists within last 12 months after/listed around migration; review cutover,Lily Chan,1,,Exact,1.0
Calkins & Burke Limited (No inventory Cross Dock Account),CB01,West,Burnaby,,No,No,,0,0,0,0,Yes,2026-01-12,28,BURNABY,0,Camelot,Active,,2026-01-18,No,Camelot Live,Actual Go-Live listed but no current Extensiv inventory/billing evidence | Camelot activity exists within last 12 months after/listed around migration; review cutover,Lily Chan,1,,,
Galil Foods (No inventory Seasonal),GF01,West,Burnaby,,No,No,,0,0,0,0,Yes,2026-02-17,1,BURNABY,0,Camelot,Active,,2026-01-18,No,Camelot Live,Actual Go-Live listed but no current Extensiv inventory/billing evidence | Camelot activity exists within last 12 months after/listed around migration; review cutover,Eva/Devangi,,,,
Nuknuuk,LG01,West,BLUNDELL2,,No,No,,0,0,0,0,Yes,2026-10-02,423,"BLUNDELL2, CHTS-2929",0,Camelot,Active,,2026-02-08,No,Camelot Live,Actual Go-Live listed but no current Extensiv inventory/billing evidence | Camelot activity exists within last 12 months after/listed around migration; review cutover,Amy,1,,,
Trane U.S Inc.,TR01,West,BLUNDELL2,Trane U.S Inc.,Yes,Yes,16160 Blundell,50,113.0,1,40.0,Yes,2026-04-29,144,"BLUNDELL2, DELTA",0,Camelot,Active,,2026-02-08,No,Both / Transition,Camelot activity exists within last 12 months after/listed around migration; review cutover,Igor Moisseev,1,,Exact,1.0
Trillium Architectural Products Ltd,TA02,West,BLUNDELL2,Trillium Architectural Products Ltd,Yes,Yes,16160 Blundell,1,138.75,4,2462.5,Yes,2026-02-24,32,"BLUNDELL2, ANNACIS",0,Camelot,Active,,2026-02-16,No,Both / Transition,Camelot activity exists within last 12 months after/listed around migration; review cutover,Casper Chen,1,,Exact,1.0
Mustang Survival Corp.,MS01,West,BLUNDELL2,Mustang Survival Corp,Yes,Yes,16160 Blundell,1,33.0,4,232.0,Yes,2026-03-04,4,BLUNDELL2,0,Camelot,Active,,2026-02-16,No,Both / Transition,Camelot activity exists within last 12 months after/listed around migration; review cutover,Morvarid Valizadeh,1,,Exact,1.0
FortisBC Energy Inc - FEI,FE05,West,BLUNDELL2,FortisBC Energy Inc - FEI,Yes,Yes,16160 Blundell,1,83.0,4,8759.4,Yes,2026-04-10,18,BLUNDELL2,0,Camelot,Active,,2026-02-16,No,Both / Transition,Camelot activity exists within last 12 months after/listed around migration; review cutover,Dharmin Patel,1,,Exact,1.0
FortisBC Energy Inc - Pilot Rig,FE06,West,BLUNDELL2,FortisBC Energy Inc - Pilot Rig,Yes,No,16160 Blundell,1,6.0,0,0,Yes,2026-05-15,1,BLUNDELL2,0,Camelot,Active,,2026-02-16,No,Both / Transition,Camelot activity exists within last 12 months after/listed around migration; review cutover,Morvarid Valizadeh,1,,Exact,1.0
Mangrove Water Technologies Ltd,MW03,West,BLUNDELL2,Mangrove Water Technologies Ltd,Yes,Yes,16160 Blundell,2,81.0,2,2045.6,Yes,2025-12-03,4,BLUNDELL2,0,Camelot,Active,,2026-02-20,No,Both / Transition,Camelot activity exists within last 12 months after/listed around migration; review cutover,Igor Moisseev,1,,Exact,1.0
Pistaché Skincare LLC,PS05,West,BLUNDELL2,Pistaché Skincare LLC,Yes,No,16160 Blundell,1,107.0,0,0,No,,0,,0,Camelot,Active,,2026-02-20,No,Extensiv Live,,Morvarid Valizadeh,1,,Exact,1.0
Waterline Marketing DBA CreamRight Products,WM01,National/Mixed,National,Waterline Marketing DBA CreamRight Products,Yes,Yes,"2510 Royal, 16160 Blundell",3,28.0,9,3523.23,Yes,2026-06-10,469,"2510ROYAL, BLUNDELL2",449,Camelot,Active,,2026-02-27,No,Both / Transition,Camelot activity exists within last 12 months after/listed around migration; review cutover,Hugo Tsai,1,"Portal Demo done, client agreed to migrate",Exact,1.0
Clearwater Seafoods Limited Partnership,CS01,National/Mixed,National,Clearwater Seafoods Limited Partnership,Yes,Yes,"2510 Royal, 16160 Blundell",3,1631.0,10,7822.92,Yes,2026-06-10,57,"2510ROYAL, BLUNDELL2",0,Camelot,Active,,2026-02-27,No,Both / Transition,Camelot activity exists within last 12 months after/listed around migration; review cutover,Casper Chen,1,,Exact,1.0
NetX inc,NX01,West,Meadow,NetX inc,Yes,Yes,8335Meadow,2,28.1,13,4212.75,Yes,2026-03-03,117,MEADOW,0,Camelot,Active,,2026-03-06,No,Both / Transition,Camelot activity exists within last 12 months after/listed around migration; review cutover,Casper Chen,1,,Exact,1.0
Global Choice Products Inc.,GC02,West,Meadow,,No,No,,0,0,0,0,Yes,2026-10-02,332,MEADOW,210,Camelot,Active,,2026-03-06,No,Camelot Live,Actual Go-Live listed but no current Extensiv inventory/billing evidence | Camelot activity exists within last 12 months after/listed around migration; review cutover,Dharmin Patel,1,,,
FortisBC Energy Inc - AMI,FE04,West,Meadow,,No,No,,0,0,0,0,Yes,2026-03-02,37,MEADOW,0,Camelot,Active,,2026-03-06,No,Camelot Live,Actual Go-Live listed but no current Extensiv inventory/billing evidence | Camelot activity exists within last 12 months after/listed around migration; review cutover,Soha Sabounchi,1,,,
Crane Worldwide Logistics Canada Corp.,CW03,West,Meadow,Crane Worldwide Logistics Canada Corp.,Yes,Yes,8335Meadow,36,682.0,9,31325.0,Yes,2026-04-30,52,"MEADOW, BURNABY",0,Camelot,Active,,2026-03-06,No,Both / Transition,Camelot activity exists within last 12 months after/listed around migration; review cutover,Tim Zhang,1,,Exact,1.0
Follow Nature Inc,FN01,West,Meadow,Follow Nature Inc,Yes,Yes,8335Meadow,4,627.56,3,2366.8,Yes,2026-03-02,18,MEADOW,0,Camelot,Active,,2026-03-06,No,Both / Transition,Camelot activity exists within last 12 months after/listed around migration; review cutover,Soha Sabounchi,1,,Exact,1.0
"Safe Catch, Inc",SC06,West,Meadow,"Safe Catch, Inc",Yes,Yes,8335Meadow,2,4439.0,9,18571.15,Yes,2026-02-27,35,MEADOW,0,Camelot,Active,,2026-03-06,No,Both / Transition,Camelot activity exists within last 12 months after/listed around migration; review cutover,Miho Kasahara,1,,Exact,1.0
Tapio Tea Company,TT04,West,Meadow,,No,No,,0,0,0,0,Yes,2026-02-27,30,MEADOW,0,Camelot,Active,,2026-03-06,No,Camelot Live,Actual Go-Live listed but no current Extensiv inventory/billing evidence | Camelot activity exists within last 12 months after/listed around migration; review cutover,Kelben Zhang,1,,,
Viana Inc,VI01,West,Meadow,Viana Inc,Yes,Yes,8335Meadow,31,3380.0,8,47262.15,Yes,2026-06-01,45,MEADOW,0,Camelot,Active,,2026-03-13,No,Both / Transition,Camelot activity exists within last 12 months after/listed around migration; review cutover,Amy Wang,1,,Exact,1.0
Barton International,BM01,West,Meadow,,No,No,,0,0,0,0,Yes,2026-04-28,11,MEADOW,0,Camelot,Active,,2026-03-13,No,Camelot Live,Actual Go-Live listed but no current Extensiv inventory/billing evidence | Camelot activity exists within last 12 months after/listed around migration; review cutover,Igor Moisseev,1,,,
Good Natured Products Packaging Brampton LP - B.C.,GN02,West,Meadow,Good Natured Products Packaging Brampton LP - B.C.,Yes,No,8335Meadow,1,360.0,0,0,Yes,2025-10-29,1,MEADOW,0,Camelot,Active,,2026-03-13,No,Both / Transition,Camelot activity exists within last 12 months after/listed around migration; review cutover,Soha Sabounchi,1,,Exact,1.0
Heat Sealing,HS01,West,Meadow,Heat Sealing,Yes,Yes,8335Meadow,26,1305.0,3,16266.0,Yes,2026-07-28,202,MEADOW,0,Camelot,Active,,2026-03-19,No,Both / Transition,Camelot activity exists within last 12 months after/listed around migration; review cutover,Komalpreet Kaur,1,,Exact,1.0
Emerge Technologies Inc,ET02,West,Meadow,Emerge Technologies Inc,Yes,Yes,8335Meadow,53,54972.0,13,23915.65,Yes,2026-03-18,93,MEADOW,0,Camelot,Active,,2027-03-19,No,Both / Transition,Camelot activity exists within last 12 months after/listed around migration; review cutover,Jamie Wong,1,,Exact,1.0
Joels Wholesale LLC,JW02,West,Meadow,,No,No,,0,0,0,0,Yes,2025-12-24,4,MEADOW,0,Camelot,Active,,2028-03-19,No,Camelot Live,Actual Go-Live listed but no current Extensiv inventory/billing evidence | Camelot activity exists within last 12 months after/listed around migration; review cutover,Vickie Cao,1,,,
West Coast Toys Ltd.,WC01,West,BLUNDELL2,West Coast Toys Ltd.,Yes,Yes,16160 Blundell,438,1585712.0,17,141548.85,Yes,2026-04-02,255,BLUNDELL2,0,Camelot,Active,,2028-03-27,No,Both / Transition,Camelot activity exists within last 12 months after/listed around migration; review cutover,Kajal Kajal,2,Per OPS request,Exact,1.0
"Jobar International, Inc.",JI02,West,BLUNDELL2,"Jobar International, Inc.",Yes,Yes,16160 Blundell,113,115714.0,11,17449.38,Yes,2026-08-13,267,"CHTS-2929, BLUNDELL2, BURNABY",32,Camelot,Active,,2028-03-27,No,Both / Transition,Camelot activity exists within last 12 months after/listed around migration; review cutover,Dharmin Patel,3,,Exact,1.0
FedEx Trade Networks Trans.&Broke. Inc.,FD01,West,Meadow,FedEx Trade Networks Trans.&Broke. Inc.,Yes,Yes,8335Meadow,6,949.0,9,91324.8,Yes,2026-05-11,298,MEADOW,0,Camelot,Active,,2026-04-01,No,Both / Transition,Camelot activity exists within last 12 months after/listed around migration; review cutover,Joel MacDonald,1,,Exact,1.0
Hellofresh (GDE Grocery Delivery E-Services Canada (Factor),HD01,East,National,GDE Grocery Delivery E-Services Canada (Factor),Yes,Yes,8470 Brampton,24,814.0,6,135326.5,No,,0,,0,Camelot,Active,,2026-04-01,No,Extensiv Live,,Sachini Fernando,1,,Containment,0.804
Biktrix Enterprises Inc.,BE03,West,Meadow,Biktrix Enterprises Inc.,Yes,Yes,8335Meadow,135,1200.0,17,44874.72,Yes,2026-05-28,880,MEADOW,399,Camelot,Active,,2026-04-08,No,Both / Transition,Camelot activity exists within last 12 months after/listed around migration; review cutover,Joel MacDonald,2,Portal Demo,Exact,1.0
Tofino Kombucha Inc.,TK01,National/Mixed,National,Tofino Kombucha Inc.,Yes,Yes,"7185 Burnaby, 2510 Royal",6,49840.0,9,2915.66,Yes,2026-06-10,21,"BURNABY, 2510ROYAL",10,Camelot,Active,,2026-04-17,No,Both / Transition,Camelot activity exists within last 12 months after/listed around migration; review cutover,Dhruv Sawhney,2,Portal,Exact,1.0
Fraser Valley Steel & Wire Ltd.,FV01,West,Meadow,Fraser Valley Steel & Wire Ltd.,No,Yes,,0,0,1,30400.0,Yes,2026-04-14,65,"BURNABY, MEADOW",0,Camelot,Active,,2026-05-14,No,Both / Transition,Camelot activity exists within last 12 months after/listed around migration; review cutover,Dhruv Sawhney,1,,Exact,1.0
LMS Reinforcing Steel Group,LM02,West,Meadow/Burnaby,LMS Reinforcing Steel Group,Yes,Yes,7185 Burnaby,14,2089.0,2,31050.0,Yes,2026-04-28,2,"BURNABY, MEADOW",0,Camelot,Active,,2026-05-14,No,Both / Transition,Camelot activity exists within last 12 months after/listed around migration; review cutover,Dhruv Sawhney,1,,Exact,1.0
Victoria Distiller Inc.,VD02,West,BLUNDELL2,Victoria Distiller Inc.,Yes,No,16160 Blundell,1,25.0,0,0,Yes,2026-01-20,23,"BLUNDELL2, BURNABY",22,Camelot,Active,,2026-06-12,No,Both / Transition,Camelot activity exists within last 12 months after/listed around migration; review cutover,Dhruv,2,,Exact,1.0
Arc'teryx Equipment,AE02,West,Burnaby,Arc'teryx Equipment,Yes,Yes,8335Meadow,1,95.0,5,6089.0,Yes,2026-07-08,63,"BURNABY, MEADOW",0,Camelot,Active,,2026-07-13,No,Both / Transition,Camelot activity exists within last 12 months after/listed around migration; review cutover,Kelben Zhang,1,,Exact,1.0
Zenpack Canada Inc.,ZC02,National/Mixed,National,Zenpack Canada Inc.,Yes,Yes,"8470 Brampton, 8335Meadow",24,19331.0,17,14371.05,Yes,2026-07-23,245,"BURNABY, 8470HWY50",0,Camelot,Active,,2026-07-21,No,Both / Transition,Camelot activity exists within last 12 months after/listed around migration; review cutover,Vickie Cao,2,,Exact,1.0
Takigawa Corp,TC01,West,Aldergrove,,No,No,,0,0,0,0,Yes,2026-07-24,72,ALDERGROVE,63,Camelot,Active,,2026-07-27,No,Camelot Live,Actual Go-Live listed but no current Extensiv inventory/billing evidence | Camelot activity exists within last 12 months after/listed around migration; review cutover,Miho Kasahara,2,"Portal Demo done, CSV training done",,
Dekor Storyz,DK01,West,Blundell,Dekor Storyz Incorporated,Yes,Yes,Tsawwassen-3995,85,17719.0,3,5980.75,Yes,2026-08-13,136,"BLUNDELL2, BURNABY",0,Camelot,Active,,2026-08-08,No,Both / Transition,Camelot activity exists within last 12 months after/listed around migration; review cutover,Morvarid Valizadeh,1,,Exact,1.0
Custom Building,CB02,West,Aldergrove,,No,No,,0,0,0,0,Yes,2026-08-17,304,"ALDERGROVE, BLUNDELL2",0,Camelot,Active,,2026-08-13,No,Camelot Live,Actual Go-Live listed but no current Extensiv inventory/billing evidence | Camelot activity exists within last 12 months after/listed around migration; review cutover,Igor Moisseev,1,,,
BestBuy BC,BB03,West,Aldergrove,,No,No,,0,0,0,0,Yes,2026-08-17,579,"ALDERGROVE, BURNABY",0,Camelot,Active,,2026-08-13,No,Camelot Live,Actual Go-Live listed but no current Extensiv inventory/billing evidence | Camelot activity exists within last 12 months after/listed around migration; review cutover,Kate Tran,1,BB03,,
Dyne Industries Inc.,DI01,West,BLUNDELL2,,No,No,,0,0,0,0,Yes,2026-08-27,235,"ALDERGROVE, 2510ROYAL",194,Camelot,Active,,2026-08-20,No,Camelot Live,Actual Go-Live listed but no current Extensiv inventory/billing evidence | Camelot activity exists within last 12 months after/listed around migration; review cutover,Kate Tran,1,Setup Complete,,
Bear Down Brands,VL01,West,Meadow,Bear Down Brands,Yes,Yes,8335Meadow,1,10.0,2,6479.0,Yes,2025-10-29,14,MEADOW,0,Camelot,Active,,2026-08-24,No,Both / Transition,Camelot activity exists within last 12 months after/listed around migration; review cutover,Amy Wang,1,,Exact,1.0
Canvas Craft Industries Ltd.,CC07,East,290189TOWN,,No,No,,0,0,0,0,Yes,2026-10-01,40,"MEADOW, CALG7405, 290189TOWN",0,Camelot,,,,No,Camelot Live,,Sagar Singh,1,,,
ROAR Beverages Canada Corp,RB02,East,290189TOWN,,No,No,,0,0,0,0,Yes,2026-10-02,400,"CALGARY, 290189TOWN",322,Camelot,,,,No,Camelot Live,,Dolphin Chhabra,1,,,
CDN Energy & Power Corp,CE04,East,290189TOWN,,No,No,,0,0,0,0,Yes,2026-10-02,246,"CALG7405, 290189TOWN",0,Camelot,,,,No,Camelot Live,,Idy Lee,1,,,
Collective Packaging Co.,CP05,East,290189TOWN,,No,No,,0,0,0,0,Yes,2026-10-05,34,"CALG7405, 290189TOWN, BURNABY",0,Camelot,,,,No,Camelot Live,,Idy Lee,1,,,
Global Appetite Inc.,GA01,East,290189TOWN,,No,No,,0,0,0,0,Yes,2026-08-07,4,CALG7405,0,Camelot,,,,No,Camelot Live,,Igor Moisseev,1,,,
Hanchett Paper Co. dba Shorr Packaging Corp,SP04,East,290189TOWN,,No,No,,0,0,0,0,Yes,2026-10-01,592,"MEADOW, CALGARY, 290189TOWN, CALG-HD2",0,Camelot,,,,No,Camelot Live,,Casper Chen/Dolphin C,1,,,
Pinnacle Logistics Solutions LTD,PL02,East,290189TOWN,,No,No,,0,0,0,0,Yes,2025-11-18,3,"CALGARY, EDMONTON, CALG7405",0,Camelot,,,,No,Camelot Live,,Idy Lee,1,,,
TLC Marketing Inc,TM01,East,290189TOWN,,No,No,,0,0,0,0,No,,0,,0,Camelot,,,,No,Needs Review,,TBD,1,,,
Cansew Inc.,CI04,East,290189TOWN,,No,No,,0,0,0,0,Yes,2026-10-05,961,"CALG7405, 290189TOWN",840,Camelot,,,,No,Camelot Live,,Dolphin Chhabra,3,,,
Edoko Food Importers Ltd,EF02,East,290189TOWN,,No,No,,0,0,0,0,Yes,2026-10-01,74,"CALG-HD2, 290189TOWN",0,Camelot,,,,No,Camelot Live,,"Dolphin , THUYH",1,,,
Silver Paw,SP05,East,290189TOWN,,No,No,,0,0,0,0,Yes,2026-10-05,462,"CALG7405, BURNABY, 290189TOWN",3,Camelot,,,,No,Camelot Live,,"Dolphin , THUYH",3,,,
La Cocina Foods,LC02,East,290189TOWN,,No,No,,0,0,0,0,Yes,2026-04-29,79,"8470HWY50, 2510ROYAL, 290189TOWN",0,Camelot,,,,No,Camelot Live,,Komalpreet Kaur,1,,,
Packpro Systems Inc. (Calgary customer),PS04,East,290189TOWN,,No,No,,0,0,0,0,Yes,2026-06-12,92,"CALGARY, 290189TOWN",0,Camelot,,,,No,Camelot Live,,Kelben Zhang,1,,,
PROPELL (ALBERTA) LTD.,PT01,East,290189TOWN,,No,No,,0,0,0,0,Yes,2026-10-03,155,"290189TOWN, 707BARLOW",0,Camelot,,,,No,Camelot Live,,Idy Lee,1,,,
TTE Technology Inc. dba TCL North America,TC02,East,290189TOWN,,No,No,,0,0,0,0,Yes,2026-05-04,17,"BURNABY, 8470HWY50, 290189TOWN",0,Camelot,,,,No,Camelot Live,,Idy Lee,1,,,
TJ Maxx,TJ01,West,CHTS-2929,,No,No,,0,0,0,0,Yes,2026-10-05,3268,CHTS-2929,55,Camelot,,,,No,Camelot Live,,Japneet Kaur,1,,,
"The Yerba Mate Co. Distribution, ULC",YM01,West,CHTS-2929,,No,No,,0,0,0,0,Yes,2026-10-05,985,"2510ROYAL, CHTS-2929, 8470HWY50, MEADOW",0,Camelot,,,,No,Camelot Live,,Japneet Kaur,1,,,
Lamour Global Inc.,LG02,West,CHTS-2929,,No,No,,0,0,0,0,Yes,2026-10-01,375,CHTS-2929,0,Camelot,,,,No,Camelot Live,,Japneet Kaur,1,,,
PAC Worldwide Corporation,PW03,West,CHTS-2929,,No,No,,0,0,0,0,Yes,2026-10-02,119,CHTS-2929,0,Camelot,,,,No,Camelot Live,,Peter Yun Hong Lai,1,Cam Tech/Report fee $385/m. Keep same Extensive.,,
ARCHER DANIELS MIDLAND COMPANY,AD01,West,CHTS-2929,,No,No,,0,0,0,0,Yes,2026-03-20,1,CHTS-2929,0,Camelot,,,,No,Camelot Live,,Soha Sabounchi,1,Client Gone,,
Regal Rexnord,RR02,West,CHTS-2929,,No,No,,0,0,0,0,Yes,2026-04-20,48,CHTS-2929,0,Camelot,,,,No,Camelot Live,,Manpreet Kaur,1,,,
York Warehousing & Transportation Group,YT01,West,CHTS-2929,,No,No,,0,0,0,0,Yes,2026-09-18,36,"CHTS-2929, BLUNDELL2",0,Camelot,,,,No,Camelot Live,,Lily Chan,1,,,
Legend Water Corporation,LW01,West,CHTS-2929,,No,No,,0,0,0,0,Yes,2026-04-23,4,CHTS-2929,0,Camelot,,,,No,Camelot Live,,Manpreet Kaur,1,,,
Best Buy Canada Ltd-Langley DC,BB03,West,Aldergrove,Best Buy Canada Ltd-Langley DC,Yes,Yes,Tsawwassen-3995,131,21155.0,1,3421.5,Yes,2026-08-17,579,"ALDERGROVE, BURNABY",0,Camelot,,,,No,Both / Transition,Extensiv evidence but no Actual Go-Live date in plan,Kate Tran,1,next few months summer? Closing site..,Exact,1.0
Dyne Industries Inc.,DI01,West,Aldergrove,,No,No,,0,0,0,0,Yes,2026-08-27,235,"ALDERGROVE, 2510ROYAL",194,Camelot,,,,No,Camelot Live,,Kate Tran,1,,,
Takigawa Corporation Japan,TC01,West,Aldergrove,Takigawa Corporation Japan,Yes,Yes,CHTS-2929,88,405735.0,9,5961.1,Yes,2026-07-24,72,ALDERGROVE,63,Camelot,,,,No,Both / Transition,Extensiv evidence but no Actual Go-Live date in plan,Lily Chan,1,Cam Tech fee $285/m. Keep same in Extensiv.,Exact,1.0
Active Chemicals 2025 inc,AC02,West,Aldergrove,,No,No,,0,0,0,0,No,,0,,0,Camelot,,,,No,Needs Review,,Kate Tran,1,,,
"iGPS Logistics, LLC",IL01,West,Aldergrove,,No,No,,0,0,0,0,Yes,2026-10-02,181,"ALDERGROVE, MEADOW",0,Camelot,,,,No,Camelot Live,,Igor Moisseev,1,,,
Jaga Canada Climate Systems Inc,JC02,West,Aldergrove,,No,No,,0,0,0,0,Yes,2025-10-30,8,ALDERGROVE,0,Camelot,,,,No,Camelot Live,,Peter Yun Hong Lai,1,,,
Agropur Coopérative,AG01,West,Aldergrove,,No,No,,0,0,0,0,Yes,2026-08-07,109,"ALDERGROVE, MEADOW, RICHMOND",0,Camelot,,,,No,Camelot Live,,Sagar Singh,1,,,
SAAM Towage Canada Inc,ST03,West,Aldergrove,,No,No,,0,0,0,0,Yes,2026-03-09,22,BURNABY,1,Camelot,,,,No,Camelot Live,,Dharmin Patel,1,,,
Trident Naval Systems of Canada Inc.,,West,Burnaby,Trident Naval Systems of Canada Inc.,Yes,Yes,"8335Meadow, 7185 Burnaby",338,552.0,10,5715.0,No,,0,,0,,,2026-03-04,2026-03-04,Yes,Extensiv Live,,,,,Exact,1.0
Swany America Corp,,West,Meadow,Swany America Corp,Yes,Yes,8335Meadow,8,80026.0,2,1275.0,No,,0,,0,,,2026-03-06,2026-03-06,Yes,Extensiv Live,,,,,Exact,1.0
Vuly Canada Operations Corp,,West,National,Vuly Canada Operations Corp,Yes,Yes,8335Meadow,113,8951.0,17,125685.44,No,,0,,0,,,2026-04-21,2026-04-21,Yes,Extensiv Live,,,,API integration,Exact,1.0
NIMA Imports,,West,Meadow,NIMA Imports Inc,Yes,Yes,8335Meadow,8,2891527.0,7,6293.5,No,,0,,0,,,2026-05-06,2026-05-06,Yes,Extensiv Live,,,,,Exact,1.0
MULTIVAC Canada Inc. (West),,National/Mixed,Burnaby,Multivac Canada Inc.,Yes,Yes,"8470 Brampton, 8335Meadow",131,19605.0,24,105363.68,No,,0,,0,,,2026-05-06,2026-05-06,Yes,Extensiv Live,,,,,Containment,0.75
Cambridge-Lee Industries LLC,,West,Meadow,Cambridge-Lee Industries LLC,Yes,Yes,8335Meadow,2,111.0,8,11580.0,No,,0,,0,,,2026-05-07,2026-05-07,Yes,Extensiv Live,,,,,Exact,1.0
Posco International America Corp.,,West,Meadow,Posco International America Corp.,No,Yes,,0,0,4,16400.0,No,,0,,0,,,2026-05-08,2026-05-08,Yes,Extensiv Live,,,,,Exact,1.0
RRA Trucking Ltd,,West,Meadow,RRA Trucking Ltd,No,Yes,,0,0,1,2325.0,No,,0,,0,,,2026-05-15,2026-05-15,Yes,Extensiv Live,,,,,Exact,1.0
Merlin Solar Technologies,,West,Meadow,,No,No,,0,0,0,0,No,,0,,0,,,2026-05-25,2026-05-25,Yes,Needs Review,Direct-to-Extensiv list but no current Extensiv inventory/billing evidence,,,,,
TATA International,,West,Meadow,,No,No,,0,0,0,0,No,,0,,0,,,2026-05-27,2026-05-27,Yes,Needs Review,Direct-to-Extensiv list but no current Extensiv inventory/billing evidence,,,,,
Totally Bamboo,,West,Meadow,,No,No,,0,0,0,0,No,,0,,0,,,2026-05-28,2026-05-28,Yes,Needs Review,Direct-to-Extensiv list but no current Extensiv inventory/billing evidence,,,,,
Origin Sustainable,,National,National,,No,No,,0,0,0,0,No,,0,,0,,,2026-05-28,2026-05-28,Yes,Needs Review,Direct-to-Extensiv list but no current Extensiv inventory/billing evidence,,,,,
Unistraw Corp,,West,Meadow,Unistraw Corp.,Yes,Yes,8335Meadow,1,18720.0,2,1244.5,No,,0,,0,,,2026-06-03,2026-06-03,Yes,Extensiv Live,,,,,Exact,1.0
Calibre,,National,National,,No,No,,0,0,0,0,No,,0,,0,,,2026-06-12,2026-06-12,Yes,Needs Review,Direct-to-Extensiv list but no current Extensiv inventory/billing evidence,,,,,
Grey Jay Sales,,Unknown,CH,,No,No,,0,0,0,0,No,,0,,0,,,2026-06-22,2026-06-22,Yes,Needs Review,Direct-to-Extensiv list but no current Extensiv inventory/billing evidence,,,,,
Rhenus Logistics Canada(Solaris Bus),,West,Meadow,,No,No,,0,0,0,0,No,,0,,0,,,2026-06-29,2026-06-29,Yes,Needs Review,Direct-to-Extensiv list but no current Extensiv inventory/billing evidence,,,,,
Modextil,,National/Mixed,National,Modextil Inc,Yes,Yes,"CHTS-2929, 8470 Brampton",32,6980.0,15,30045.06,No,,0,,0,,,2026-07-03,2026-07-03,Yes,Extensiv Live,,,,,Exact,1.0
Bissett Fasteners Ltd.,,West,Meadow,Bissett Fasteners Ltd.,Yes,Yes,8335Meadow,10,931.0,1,5222.05,No,,0,,0,,,2026-07-03,2026-07-03,Yes,Extensiv Live,,,,,Exact,1.0
Ardisam,,National/Mixed,Calgary,Ardisam Inc.,Yes,Yes,290189 Rockyview,32,3836.0,3,4677.42,No,,0,,0,,,2026-07-13,2026-07-13,Yes,Extensiv Live,,,,API Integration,Exact,1.0
Saint James Brands LLC,,West,National,Saint James Brands LLC,Yes,Yes,8335Meadow,6,17895.0,4,5428.65,No,,0,,0,,,2026-07-14,2026-07-14,Yes,Extensiv Live,,,,,Exact,1.0
Tai Lung Manufacturing Ltd,,National/Mixed,Calgary,Tai Lung Manufacturing Ltd.,Yes,Yes,290189 Rockyview,13,3923.0,2,6574.9,No,,0,,0,,,2026-07-14,2026-07-14,Yes,Extensiv Live,,,,,Exact,1.0
Conglom,,National/Mixed,Calgary,Conglom Inc.,Yes,Yes,290189 Rockyview,77,1053475.0,7,25418.0,No,,0,,0,,,2026-07-15,2026-07-15,Yes,Extensiv Live,,,,,Exact,1.0
Vanderbilthc,,National,National,,No,No,,0,0,0,0,No,,0,,0,,,2026-07-17,2026-07-17,Yes,Needs Review,Direct-to-Extensiv list but no current Extensiv inventory/billing evidence,,,,,
Growl,,West,Meadow,,No,No,,0,0,0,0,No,,0,,0,,,2026-07-31,2026-07-31,Yes,Needs Review,Direct-to-Extensiv list but no current Extensiv inventory/billing evidence,,,,,
BENTO INC.,,National/Mixed,Calgary,Bento Inc.,Yes,Yes,290189 Rockyview,12,27755.0,4,1710.21,No,,0,,0,,,2026-08-01,2026-08-01,Yes,Extensiv Live,,,,,Exact,1.0
Swell Brandz Inc,,West,Calgary,Swell Brandz Inc.,No,Yes,,0,0,3,299.25,No,,0,,0,,,2026-08-01,2026-08-01,Yes,Extensiv Live,,,,,Exact,1.0
Canada Bread,,National/Mixed,Calgary,Canada Bread Company Ltd,Yes,Yes,290189 Rockyview,3,41445.0,5,5090.0,No,,0,,0,,,2026-08-01,2026-08-01,Yes,Extensiv Live,,,,,Exact,1.0
Rockwool,,West,Calgary,,No,No,,0,0,0,0,No,,0,,0,,,2026-08-01,2026-08-01,Yes,Needs Review,Direct-to-Extensiv list but no current Extensiv inventory/billing evidence,,,,,
Wolseley Canada,,National/Mixed,Calgary,Wolseley Canada Inc,Yes,Yes,290189 Rockyview,27,5055.0,5,17633.5,No,,0,,0,,,2026-08-01,2026-08-01,Yes,Extensiv Live,,,,,Exact,1.0
Salvation Army,,West,Calgary,,No,No,,0,0,0,0,No,,0,,0,,,2026-08-01,2026-08-01,Yes,Needs Review,Direct-to-Extensiv list but no current Extensiv inventory/billing evidence,,,,,
NTD Apparel Inc,,East,National,NTD Apparel inc.,Yes,Yes,8470 Brampton,28,216.0,11,30470.35,No,,0,,0,,,2026-08-04,2026-08-04,Yes,Extensiv Live,,,,,Exact,1.0
Organika,,West,Meadow,,No,No,,0,0,0,0,No,,0,,0,,,2026-08-13,2026-08-13,Yes,Needs Review,Direct-to-Extensiv list but no current Extensiv inventory/billing evidence,,,API integration,,
Nexom,,West,Meadow,Nexom Inc.,No,Yes,,0,0,2,11301.0,No,,0,,0,,,2026-08-18,2026-08-18,Yes,Extensiv Live,,,,,Exact,1.0
SBE Consultants Group,,West,Meadow,SBE Consultants Group Inc.,No,Yes,,0,0,1,5182.5,No,,0,,0,,,2026-08-20,2026-08-20,Yes,Extensiv Live,,,,,Exact,1.0
Bronswerk/Seaspan,,West,Meadow,Bronswerk (Seaspan),Yes,Yes,8335Meadow,475,2619.0,2,400.0,No,,0,,0,,,2026-08-24,2026-08-24,Yes,Extensiv Live,,,,,Exact,1.0
In Progress,,Unknown,,,No,No,,0,0,0,0,No,,0,,0,,,,,Yes,Needs Review,Direct-to-Extensiv list but no current Extensiv inventory/billing evidence,,,,,
Mary Macleod,,National,National,,No,No,,0,0,0,0,No,,0,,0,,,,,Yes,Needs Review,Direct-to-Extensiv list but no current Extensiv inventory/billing evidence,,,,,
Castlewood Apparel,,West,Meadow,,No,No,,0,0,0,0,No,,0,,0,,,,,Yes,Needs Review,Direct-to-Extensiv list but no current Extensiv inventory/billing evidence,,,,,
Sahana Ayurvedic Products,,Unknown,TBD,,No,No,,0,0,0,0,No,,0,,0,,,,,Yes,Needs Review,Direct-to-Extensiv list but no current Extensiv inventory/billing evidence,,,,,
49th Parallel Roasters Inc,,East,,49th Parallel Roasters Inc,Yes,Yes,8470 Brampton,5,45.0,3,871.5,No,,0,,0,,,,,Unknown,Extensiv Live,Extensiv evidence; not matched to transition plan,,,,,
"Armorgard Canada, Inc",,East,,"Armorgard Canada, Inc",Yes,Yes,8470 Brampton,20,858.0,9,12000.0,No,,0,,0,,,,,Unknown,Extensiv Live,Extensiv evidence; not matched to transition plan,,,,,
Atash Customer,,West,,Atash Customer,Yes,No,8335Meadow,2,53.0,0,0,No,,0,,0,,,,,Unknown,Extensiv Live,Extensiv evidence; not matched to transition plan,,,,,
Bagwell Supply ULC,,West,,Bagwell Supply ULC,Yes,Yes,8335Meadow,9,15285.0,4,5325.0,No,,0,,0,,,,,Unknown,Extensiv Live,Extensiv evidence; not matched to transition plan,,,,,
Barentz Canada,,West,,Barentz Canada,Yes,No,8335Meadow,6,1701.0,0,0,No,,0,,0,,,,,Unknown,Extensiv Live,Extensiv evidence; not matched to transition plan,,,,,
Bescorp Holdings Inc.,,West,,Bescorp Holdings Inc.,Yes,Yes,"Tsawwassen-3995, 8335Meadow",253,47438.0,17,77811.5,No,,0,,0,,,,,Unknown,Extensiv Live,Extensiv evidence; not matched to transition plan,,,,,
BlackFly Beverage,,Unknown,,BlackFly Beverage,No,Yes,,0,0,10,322278.5,No,,0,,0,,,,,Unknown,Extensiv Live,Extensiv evidence; not matched to transition plan,,,,,
CARA - Feelux,,East,,CARA - Feelux,Yes,No,8470 Brampton,3,3.0,0,0,No,,0,,0,,,,,Unknown,Extensiv Live,Extensiv evidence; not matched to transition plan,,,,,
CARA – Can-Bramar,,East,,CARA – Can-Bramar,Yes,Yes,8470 Brampton,331,7478.0,4,19694.5,No,,0,,0,,,,,Unknown,Extensiv Live,Extensiv evidence; not matched to transition plan,,,,,
CROWN Metal Packaging Canada LP,,East,,CROWN Metal Packaging Canada LP,Yes,Yes,8470 Brampton,5,155136.0,19,230490.0,No,,0,,0,,,,,Unknown,Extensiv Live,Extensiv evidence; not matched to transition plan,,,,,
Calibre Sales Inc,,National/Mixed,,Calibre Sales Inc,Yes,Yes,"Tsawwassen-3995, 8470 Brampton",79,43836.0,25,90311.25,No,,0,,0,,,,,Unknown,Extensiv Live,Extensiv evidence; not matched to transition plan,,,,,
Calkins & Burke Limited,,West,,Calkins & Burke Limited,Yes,Yes,7185 Burnaby,8,6985.0,11,22726.99,No,,0,,0,,,,,Unknown,Extensiv Live,Extensiv evidence; not matched to transition plan,,,,,
Canpack US LLC,,East,,Canpack US LLC,Yes,Yes,8470 Brampton,32,9161728.0,2,21656.0,No,,0,,0,,,,,Unknown,Extensiv Live,Extensiv evidence; not matched to transition plan,,,,,
Carson Customs Brokers Ltd.,,Unknown,,Carson Customs Brokers Ltd.,No,Yes,,0,0,4,15480.0,No,,0,,0,,,,,Unknown,Extensiv Live,Extensiv evidence; not matched to transition plan,,,,,
"CleverMade, LLC",,East,,"CleverMade, LLC",Yes,No,2510 Royal,1,5637.0,0,0,No,,0,,0,,,,,Unknown,Extensiv Live,Extensiv evidence; not matched to transition plan,,,,,
"Clifford Paper, Inc",,East,,"Clifford Paper, Inc",Yes,Yes,8470 Brampton,4,447.0,13,58553.0,No,,0,,0,,,,,Unknown,Extensiv Live,Extensiv evidence; not matched to transition plan,,,,,
Congo Brands - Merchandise,,East,,Congo Brands - Merchandise,Yes,No,8470 Brampton,4,195.0,0,0,No,,0,,0,,,,,Unknown,Extensiv Live,Extensiv evidence; not matched to transition plan,,,,,
Custom Building Products Canada Ltd.,,West,,Custom Building Products Canada Ltd.,Yes,Yes,16160 Blundell,35,307.0,2,3987.24,No,,0,,0,,,,,Unknown,Extensiv Live,Extensiv evidence; not matched to transition plan,,,,,
DBA Mary Macleod Shortbread,,East,,DBA Mary Macleod Shortbread,Yes,Yes,8470 Brampton,1,44280.0,1,5534.0,No,,0,,0,,,,,Unknown,Extensiv Live,Extensiv evidence; not matched to transition plan,,,,,
Dempsey Corporation,,East,,Dempsey Corporation,Yes,No,2510 Royal,40,212.0,0,0,No,,0,,0,,,,,Unknown,Extensiv Live,Extensiv evidence; not matched to transition plan,,,,,
Electromobility Solutions Inc,,Unknown,,Electromobility Solutions Inc,No,Yes,,0,0,4,797.5,No,,0,,0,,,,,Unknown,Extensiv Live,Extensiv evidence; not matched to transition plan,,,,,
Engin Labs Inc (DBA Flourish),,East,,Engin Labs Inc (DBA Flourish),Yes,Yes,8470 Brampton,5,1000.0,11,8027.5,No,,0,,0,,,,,Unknown,Extensiv Live,Extensiv evidence; not matched to transition plan,,,,,
FLO Pilates,,East,,FLO Pilates,Yes,Yes,8470 Brampton,11,2372.0,19,9283.72,No,,0,,0,,,,,Unknown,Extensiv Live,Extensiv evidence; not matched to transition plan,,,,,
FR Group,,East,,FR Group,Yes,Yes,8470 Brampton,4,1386.0,4,4158.45,No,,0,,0,,,,,Unknown,Extensiv Live,Extensiv evidence; not matched to transition plan,,,,,
"Freeland Foods, LLC",,East,,"Freeland Foods, LLC",Yes,Yes,8470 Brampton,2,39623.0,13,198779.8,No,,0,,0,,,,,Unknown,Extensiv Live,Extensiv evidence; not matched to transition plan,,,,,
G&W Electric Company,,East,,G&W Electric Company,Yes,Yes,"8470 Brampton, 2510 Royal",187,129189.0,23,73515.0,No,,0,,0,,,,,Unknown,Extensiv Live,Extensiv evidence; not matched to transition plan,,,,,
General Mills - Tradition Fine Foods Ltd.,,East,,General Mills - Tradition Fine Foods Ltd.,Yes,Yes,2510 Royal,7,18500.0,13,19261.0,No,,0,,0,,,,,Unknown,Extensiv Live,Extensiv evidence; not matched to transition plan,,,,,
Grey Jay Sales & Distribution LTD,,National/Mixed,,Grey Jay Sales & Distribution LTD,Yes,Yes,290189 Rockyview,7,473.0,2,554.0,No,,0,,0,,,,,Unknown,Extensiv Live,Extensiv evidence; not matched to transition plan,,,,,
Growl Products Inc,,West,,Growl Products Inc,Yes,Yes,8335Meadow,139,126908.0,4,9358.7,No,,0,,0,,,,,Unknown,Extensiv Live,Extensiv evidence; not matched to transition plan,,,,,
HDI,,Unknown,,HDI,No,Yes,,0,0,1,13157.12,No,,0,,0,,,,,Unknown,Extensiv Live,Extensiv evidence; not matched to transition plan,,,,,
HORI,,East,,HORI,Yes,Yes,8470 Brampton,51,33541.0,17,17025.43,No,,0,,0,,,,,Unknown,Extensiv Live,Extensiv evidence; not matched to transition plan,,,,,
Happy Dad LLC.,,East,,Happy Dad LLC.,Yes,Yes,2510 Royal,34,434054.0,15,77395.58,No,,0,,0,,,,,Unknown,Extensiv Live,Extensiv evidence; not matched to transition plan,,,,,
Hollywood Chairs dba Totally Bamboo,,West,,Hollywood Chairs dba Totally Bamboo,Yes,Yes,8335Meadow,44,99254.0,9,26445.72,No,,0,,0,,,,,Unknown,Extensiv Live,Extensiv evidence; not matched to transition plan,,,,,
Icon Global Supply Inc. dba Origin Sustainables,,West,,Icon Global Supply Inc. dba Origin Sustainables,Yes,No,8335Meadow,149,25278.0,0,0,No,,0,,0,,,,,Unknown,Extensiv Live,Extensiv evidence; not matched to transition plan,,,,,
Icon Global Supply Inc. dba Origin Sustainables\t,,Unknown,,Icon Global Supply Inc. dba Origin Sustainables\t,No,Yes,,0,0,15,31417.35,No,,0,,0,,,,,Unknown,Extensiv Live,Extensiv evidence; not matched to transition plan,,,,,
Isik Organic Co.,,Unknown,,Isik Organic Co.,No,Yes,,0,0,1,875.0,No,,0,,0,,,,,Unknown,Extensiv Live,Extensiv evidence; not matched to transition plan,,,,,
KIND - Tradition Fine Foods Ltd.,,East,,KIND - Tradition Fine Foods Ltd.,Yes,Yes,2510 Royal,10,64769.0,15,10763.0,No,,0,,0,,,,,Unknown,Extensiv Live,Extensiv evidence; not matched to transition plan,,,,,
"Lewisco Holdings, LLC",,Unknown,,"Lewisco Holdings, LLC",No,Yes,,0,0,2,448.0,No,,0,,0,,,,,Unknown,Extensiv Live,Extensiv evidence; not matched to transition plan,,,,,
"Matthews Studio Equipment Inc,",,East,,"Matthews Studio Equipment Inc,",Yes,Yes,8470 Brampton,67,4590.0,11,7735.6,No,,0,,0,,,,,Unknown,Extensiv Live,Extensiv evidence; not matched to transition plan,,,,,
Molisana Imports,,East,,Molisana Imports,Yes,Yes,8470 Brampton,78,139878.0,12,83537.5,No,,0,,0,,,,,Unknown,Extensiv Live,Extensiv evidence; not matched to transition plan,,,,,
Munksjo USA Inc.,,East,,Munksjo USA Inc.,Yes,Yes,8470 Brampton,2,96.0,6,9002.0,No,,0,,0,,,,,Unknown,Extensiv Live,Extensiv evidence; not matched to transition plan,,,,,
Nazara Foods Inc,,East,,Nazara Foods Inc,Yes,Yes,8470 Brampton,1,3.0,1,421.5,No,,0,,0,,,,,Unknown,Extensiv Live,Extensiv evidence; not matched to transition plan,,,,,
Nysonian,,East,,Nysonian,Yes,Yes,8470 Brampton,143,16867.0,15,29425.38,No,,0,,0,,,,,Unknown,Extensiv Live,Extensiv evidence; not matched to transition plan,,,,,
OIA Globals CA Ltd.,,East,,OIA Globals CA Ltd.,Yes,Yes,2510 Royal,4,1612.0,8,18654.87,No,,0,,0,,,,,Unknown,Extensiv Live,Extensiv evidence; not matched to transition plan,,,,,
OMNI - RTC LEGO,,Unknown,,OMNI - RTC LEGO,No,Yes,,0,0,1,3771.16,No,,0,,0,,,,,Unknown,Extensiv Live,Extensiv evidence; not matched to transition plan,,,,,
Organika Health Products Inc. (“Organika”),,West,,Organika Health Products Inc. (“Organika”),Yes,Yes,CHTS-2929,11,355852.0,4,9115.32,No,,0,,0,,,,,Unknown,Extensiv Live,Extensiv evidence; not matched to transition plan,,,,,
P.K. Kinder Co. Inc.,,National/Mixed,,P.K. Kinder Co. Inc.,Yes,Yes,"8470 Brampton, 8335Meadow",1,2815.0,4,25842.04,No,,0,,0,,,,,Unknown,Extensiv Live,Extensiv evidence; not matched to transition plan,,,,,
Parag - 11043277 Canada Inc,,West,,Parag - 11043277 Canada Inc,Yes,Yes,CHTS-2929,1,33.0,1,80.0,No,,0,,0,,,,,Unknown,Extensiv Live,Extensiv evidence; not matched to transition plan,,,,,
Perfumes Distributor Inc.,,East,,Perfumes Distributor Inc.,Yes,No,2510 Royal,1,1.0,0,0,No,,0,,0,,,,,Unknown,Extensiv Live,Extensiv evidence; not matched to transition plan,,,,,
"Pet Nutrition Delivery, Inc (The Pets Table)",,East,,"Pet Nutrition Delivery, Inc (The Pets Table)",Yes,Yes,8470 Brampton,8,8398.0,1,37.5,No,,0,,0,,,,,Unknown,Extensiv Live,Extensiv evidence; not matched to transition plan,,,,,
Phillips Brewing LP,,East,,Phillips Brewing LP,Yes,No,2510 Royal,5,21827.0,0,0,No,,0,,0,,,,,Unknown,Extensiv Live,Extensiv evidence; not matched to transition plan,,,,,
Portable PPB Operations Inc.,,West,,Portable PPB Operations Inc.,Yes,No,8335Meadow,9,2828.0,0,0,No,,0,,0,,,,,Unknown,Extensiv Live,Extensiv evidence; not matched to transition plan,,,,,
Premium Near Beer Ltd.,,National/Mixed,,Premium Near Beer Ltd.,Yes,Yes,"290189 Rockyview, 2510 Royal",126,344932.0,14,54043.05,No,,0,,0,,,,,Unknown,Extensiv Live,Extensiv evidence; not matched to transition plan,,,,,
"Prime Hydration, LLC",,East,,"Prime Hydration, LLC",Yes,Yes,8470 Brampton,53,269759.0,13,229406.46,No,,0,,0,,,,,Unknown,Extensiv Live,Extensiv evidence; not matched to transition plan,,,,,
Resale Trading LLC,,East,,Resale Trading LLC,Yes,Yes,8470 Brampton,106,58051.0,8,12043.49,No,,0,,0,,,,,Unknown,Extensiv Live,Extensiv evidence; not matched to transition plan,,,,,
Rhenus Logistics Canada,,West,,Rhenus Logistics Canada,Yes,Yes,8335Meadow,369,600.0,2,238.0,No,,0,,0,,,,,Unknown,Extensiv Live,Extensiv evidence; not matched to transition plan,,,,,
Rierden Chemical and Trading Company,,East,,Rierden Chemical and Trading Company,Yes,Yes,8470 Brampton,4,102.0,14,29846.25,No,,0,,0,,,,,Unknown,Extensiv Live,Extensiv evidence; not matched to transition plan,,,,,
Rockwool (Roxul Inc),,National/Mixed,,Rockwool (Roxul Inc),Yes,Yes,290189 Rockyview,15,3597.0,5,28071.0,No,,0,,0,,,,,Unknown,Extensiv Live,Extensiv evidence; not matched to transition plan,,,,,
SGF - Tradition Fine Foods Ltd.,,East,,SGF - Tradition Fine Foods Ltd.,Yes,Yes,2510 Royal,10,19752.0,7,6872.0,No,,0,,0,,,,,Unknown,Extensiv Live,Extensiv evidence; not matched to transition plan,,,,,
"Salvation Army Thrift Store, NRO",,National/Mixed,,"Salvation Army Thrift Store, NRO",Yes,No,290189 Rockyview,5,1622.0,0,0,No,,0,,0,,,,,Unknown,Extensiv Live,Extensiv evidence; not matched to transition plan,,,,,
Sharco Transport & Logistics Ltd.,,East,,Sharco Transport & Logistics Ltd.,Yes,No,2510 Royal,1,140.0,0,0,No,,0,,0,,,,,Unknown,Extensiv Live,Extensiv evidence; not matched to transition plan,,,,,
Simplehuman Canada Enterprises Inc,,East,,Simplehuman Canada Enterprises Inc,Yes,Yes,8470 Brampton,316,248994.0,13,339318.13,No,,0,,0,,,,,Unknown,Extensiv Live,Extensiv evidence; not matched to transition plan,,,,,
"Solenis LLC Diversy, Inc.",,West,,"Solenis LLC Diversy, Inc.",Yes,Yes,16160 Blundell,174,1619.0,5,45914.5,No,,0,,0,,,,,Unknown,Extensiv Live,Extensiv evidence; not matched to transition plan,,,,,
Sparkles Gift and Party Shop Inc.,,East,,Sparkles Gift and Party Shop Inc.,Yes,Yes,8470 Brampton,35,54006.0,5,12881.25,No,,0,,0,,,,,Unknown,Extensiv Live,Extensiv evidence; not matched to transition plan,,,,,
Südpack Verpackungen SE & Co.KG,,East,,Südpack Verpackungen SE & Co.KG,Yes,Yes,2510 Royal,1,51.0,4,4032.1,No,,0,,0,,,,,Unknown,Extensiv Live,Extensiv evidence; not matched to transition plan,,,,,
Tata International Metals  (Americas) Limited,,West,,Tata International Metals  (Americas) Limited,Yes,Yes,8335Meadow,1,22.0,4,21848.5,No,,0,,0,,,,,Unknown,Extensiv Live,Extensiv evidence; not matched to transition plan,,,,,
Terra Nostra Organics Inc,,East,,Terra Nostra Organics Inc,Yes,Yes,2510 Royal,1,1099.0,1,1887.65,No,,0,,0,,,,,Unknown,Extensiv Live,Extensiv evidence; not matched to transition plan,,,,,
Test Customer,,National/Mixed,,Test Customer,Yes,No,"8470 Brampton, 8335Meadow, 7185 Burnaby, 2510 Royal, 16160 Blundell",41,170436.0,0,0,No,,0,,0,,,,,Unknown,Extensiv Live,Extensiv evidence; not matched to transition plan,,,,,
The Pets Table,,Unknown,,The Pets Table,No,Yes,,0,0,4,2243.0,No,,0,,0,,,,,Unknown,Extensiv Live,Extensiv evidence; not matched to transition plan,,,,,
Topocean Consolidation Service Inc,,East,,Topocean Consolidation Service Inc,Yes,Yes,8470 Brampton,5,19.0,7,3941.97,No,,0,,0,,,,,Unknown,Extensiv Live,Extensiv evidence; not matched to transition plan,,,,,
Trench Limited,,East,,Trench Limited,Yes,Yes,PICKERING,1892,1974168.6,6,511032.7,No,,0,,0,,,,,Unknown,Extensiv Live,Extensiv evidence; not matched to transition plan,,,,,
Un Sogno Corp.,,West,,Un Sogno Corp.,Yes,No,16160 Blundell,10,2555.0,0,0,No,,0,,0,,,,,Unknown,Extensiv Live,Extensiv evidence; not matched to transition plan,,,,,
"Vanderbilt Home Products, LLC",,National/Mixed,,"Vanderbilt Home Products, LLC",Yes,Yes,"8470 Brampton, 8335Meadow",2,43050.0,2,14139.0,No,,0,,0,,,,,Unknown,Extensiv Live,Extensiv evidence; not matched to transition plan,,,,,
WHQ - McCue,,East,,WHQ - McCue,Yes,Yes,8470 Brampton,65,104932.0,8,24671.18,No,,0,,0,,,,,Unknown,Extensiv Live,Extensiv evidence; not matched to transition plan,,,,,
BT02,BT02,National/Mixed,,,No,No,,0,0,0,0,Yes,2026-09-29,287,"BLUNDELL2, 8470HWY50, TSAWWASSEN",0,,,,,Unknown,Camelot Live,Active Camelot code not matched to transition plan,,,,,
US02,US02,West,,,No,No,,0,0,0,0,Yes,2026-10-05,10218,BLUNDELL2,10052,,,,,Unknown,Camelot Live,Active Camelot code not matched to transition plan,,,,,
HF01,HF01,National/Mixed,,,No,No,,0,0,0,0,Yes,2026-10-05,5888,"90GLOVERRD, ON, 8470HWY50, BC, 225REXDALE, 2095LOGIS, HMG-BRAMPT, 4WILKINSON, 2510ROYAL, CHTS-2929, 290189TOWN",4693,,,,,Unknown,Camelot Live,Active Camelot code not matched to transition plan,,,,,
BB04,BB04,East,,,No,No,,0,0,0,0,Yes,2026-02-19,206,"50KENVIEW, 8470HWY50, 2510ROYAL",0,,,,,Unknown,Camelot Live,Active Camelot code not matched to transition plan,,,,,
MR01,MR01,East,,,No,No,,0,0,0,0,Yes,2026-08-24,115,8470HWY50,106,,,,,Unknown,Camelot Live,Active Camelot code not matched to transition plan,,,,,
TU01,TU01,West,,,No,No,,0,0,0,0,Yes,2026-10-05,736,MEADOW,632,,,,,Unknown,Camelot Live,Active Camelot code not matched to transition plan,,,,,
PO01,PO01,East,,,No,No,,0,0,0,0,Yes,2026-10-05,960,2510ROYAL,0,,,,,Unknown,Camelot Live,Active Camelot code not matched to transition plan,,,,,
MA02,MA02,West,,,No,No,,0,0,0,0,Yes,2026-10-05,7224,BURNABY,4541,,,,,Unknown,Camelot Live,Active Camelot code not matched to transition plan,,,,,
NE02,NE02,West,,,No,No,,0,0,0,0,Yes,2026-10-05,5629,MEADOW,5529,,,,,Unknown,Camelot Live,Active Camelot code not matched to transition plan,,,,,
SB03,SB03,West,,,No,No,,0,0,0,0,Yes,2026-10-05,3962,MEADOW,3926,,,,,Unknown,Camelot Live,Active Camelot code not matched to transition plan,,,,,
NH01,NH01,National/Mixed,,,No,No,,0,0,0,0,Yes,2026-10-02,2781,"CHTS-2929, 8470HWY50, CHTS-2940, 137HORNER",2154,,,,,Unknown,Camelot Live,Active Camelot code not matched to transition plan,,,,,
SL03,SL03,West,,,No,No,,0,0,0,0,Yes,2026-08-18,989,"ALDERGROVE, BLUNDELL2",0,,,,,Unknown,Camelot Live,Active Camelot code not matched to transition plan,,,,,
DS02,DS02,West,,,No,No,,0,0,0,0,Yes,2026-10-05,1241,MEADOW,0,,,,,Unknown,Camelot Live,Active Camelot code not matched to transition plan,,,,,
SA01,SA01,West,,,No,No,,0,0,0,0,Yes,2026-10-05,7446,"FRASER, BLUNDELL2, 1587DERWEN, TSAWWASSEN",6909,,,,,Unknown,Camelot Live,Active Camelot code not matched to transition plan,,,,,
NE01,NE01,West,,,No,No,,0,0,0,0,Yes,2026-10-05,456,MEADOW,0,,,,,Unknown,Camelot Live,Active Camelot code not matched to transition plan,,,,,
BS04,BS04,National/Mixed,,,No,No,,0,0,0,0,Yes,2026-10-05,17013,"2510ROYAL, BLUNDELL2",16715,,,,,Unknown,Camelot Live,Active Camelot code not matched to transition plan,,,,,
PP05,PP05,West,,,No,No,,0,0,0,0,Yes,2026-08-05,62,MEADOW,0,,,,,Unknown,Camelot Live,Active Camelot code not matched to transition plan,,,,,
CI03,CI03,West,,,No,No,,0,0,0,0,Yes,2026-04-23,380,CHTS-2929,55,,,,,Unknown,Camelot Live,Active Camelot code not matched to transition plan,,,,,
PI03,PI03,East,,,No,No,,0,0,0,0,Yes,2026-07-03,63,"50KENVIEW, 2510ROYAL, 137HORNER, 8470HWY50",0,,,,,Unknown,Camelot Live,Active Camelot code not matched to transition plan,,,,,
ZE03,ZE03,East,,,No,No,,0,0,0,0,Yes,2026-10-05,1316,2510ROYAL,1208,,,,,Unknown,Camelot Live,Active Camelot code not matched to transition plan,,,,,
TD01,TD01,West,,,No,No,,0,0,0,0,Yes,2026-10-02,1600,MEADOW,0,,,,,Unknown,Camelot Live,Active Camelot code not matched to transition plan,,,,,
ML01,ML01,West,,,No,No,,0,0,0,0,Yes,2026-10-02,971,BURNABY,0,,,,,Unknown,Camelot Live,Active Camelot code not matched to transition plan,,,,,
SB04,SB04,West,,,No,No,,0,0,0,0,Yes,2026-03-16,15,MEADOW,0,,,,,Unknown,Camelot Live,Active Camelot code not matched to transition plan,,,,,
EA01,EA01,West,,,No,No,,0,0,0,0,Yes,2026-10-05,424,BLUNDELL2,0,,,,,Unknown,Camelot Live,Active Camelot code not matched to transition plan,,,,,
PC04,PC04,West,,,No,No,,0,0,0,0,Yes,2026-10-01,332,BURNABY,304,,,,,Unknown,Camelot Live,Active Camelot code not matched to transition plan,,,,,
ZE01,ZE01,West,,,No,No,,0,0,0,0,Yes,2026-10-05,1321,"CHTS-2929, BURNABY, MEADOW, 255HOLIDAY",1050,,,,,Unknown,Camelot Live,Active Camelot code not matched to transition plan,,,,,
KL05,KL05,West,,,No,No,,0,0,0,0,Yes,2026-09-28,205,"1587DERWEN, BLUNDELL2",0,,,,,Unknown,Camelot Live,Active Camelot code not matched to transition plan,,,,,
SC03,SC03,West,,,No,No,,0,0,0,0,Yes,2026-10-02,480,"BURNABY, TSAWWASSEN, BLUNDELL2",0,,,,,Unknown,Camelot Live,Active Camelot code not matched to transition plan,,,,,
KL04,KL04,West,,,No,No,,0,0,0,0,Yes,2026-10-02,2534,"1587DERWEN, BLUNDELL2",1910,,,,,Unknown,Camelot Live,Active Camelot code not matched to transition plan,,,,,
JJ01,JJ01,National/Mixed,,,No,No,,0,0,0,0,Yes,2026-10-01,359,"2510ROYAL, BURNABY",0,,,,,Unknown,Camelot Live,Active Camelot code not matched to transition plan,,,,,
FW01,FW01,West,,,No,No,,0,0,0,0,Yes,2026-10-01,552,MEADOW,529,,,,,Unknown,Camelot Live,Active Camelot code not matched to transition plan,,,,,
HC03,HC03,West,,,No,No,,0,0,0,0,Yes,2026-04-23,28,MEADOW,0,,,,,Unknown,Camelot Live,Active Camelot code not matched to transition plan,,,,,
SH02,SH02,West,,,No,No,,0,0,0,0,Yes,2026-10-02,428,"MEADOW, CHTS-2929, ALDERGROVE",0,,,,,Unknown,Camelot Live,Active Camelot code not matched to transition plan,,,,,
IN01,IN01,West,,,No,No,,0,0,0,0,Yes,2026-10-05,5928,"BURNABY, MEADOW",5705,,,,,Unknown,Camelot Live,Active Camelot code not matched to transition plan,,,,,
CL03,CL03,East,,,No,No,,0,0,0,0,Yes,2026-06-17,1666,"2510ROYAL, MEIBORG",1228,,,,,Unknown,Camelot Live,Active Camelot code not matched to transition plan,,,,,
BB05,BB05,East,,,No,No,,0,0,0,0,Yes,2026-10-05,507,"2510ROYAL, 8470HWY50",0,,,,,Unknown,Camelot Live,Active Camelot code not matched to transition plan,,,,,
EC04,EC04,West,,,No,No,,0,0,0,0,Yes,2026-06-04,903,CHTS-2929,526,,,,,Unknown,Camelot Live,Active Camelot code not matched to transition plan,,,,,
ML03,ML03,National/Mixed,,,No,No,,0,0,0,0,Yes,2025-11-05,27,"MEADOW, 2510ROYAL",0,,,,,Unknown,Camelot Live,Active Camelot code not matched to transition plan,,,,,
RM01,RM01,West,,,No,No,,0,0,0,0,Yes,2026-10-01,114,MEADOW,0,,,,,Unknown,Camelot Live,Active Camelot code not matched to transition plan,,,,,
CB05,CB05,East,,,No,No,,0,0,0,0,Yes,2026-09-04,1455,8470HWY50,915,,,,,Unknown,Camelot Live,Active Camelot code not matched to transition plan,,,,,
SS03,SS03,West,,,No,No,,0,0,0,0,Yes,2026-08-19,82,BLUNDELL2,73,,,,,Unknown,Camelot Live,Active Camelot code not matched to transition plan,,,,,
BC02,BC02,Unknown,,,No,No,,0,0,0,0,Yes,2026-03-25,173,255HOLIDAY,0,,,,,Unknown,Camelot Live,Active Camelot code not matched to transition plan,,,,,
MC03,MC03,East,,,No,No,,0,0,0,0,Yes,2026-06-10,226,2510ROYAL,0,,,,,Unknown,Camelot Live,Active Camelot code not matched to transition plan,,,,,
KP01,KP01,West,,,No,No,,0,0,0,0,Yes,2026-10-02,337,BURNABY,0,,,,,Unknown,Camelot Live,Active Camelot code not matched to transition plan,,,,,
CE01,CE01,Unknown,,,No,No,,0,0,0,0,Yes,2026-07-24,3,,0,,,,,Unknown,Camelot Live,Active Camelot code not matched to transition plan,,,,,
ZZ10,ZZ10,National/Mixed,,,No,No,,0,0,0,0,Yes,2026-09-24,358,"BURNABY, TSAWWASSEN, 1587DERWEN, 8470HWY50, 7542PROG, TEST1, 290189TOWN, TEST2, BLUNDELL2, 4WILKINSON, MEADOW, 2510ROYAL, CHTS-2929",12,,,,,Unknown,Camelot Live,Active Camelot code not matched to transition plan,,,,,
GU01,GU01,West,,,No,No,,0,0,0,0,Yes,2026-10-05,591,MEADOW,0,,,,,Unknown,Camelot Live,Active Camelot code not matched to transition plan,,,,,
PD03,PD03,National/Mixed,,,No,No,,0,0,0,0,Yes,2026-07-24,13,"CALGARY, 50KENVIEW, EDMONTON, 707BARLOW, 8470HWY50",0,,,,,Unknown,Camelot Live,Active Camelot code not matched to transition plan,,,,,
EA02,EA02,East,,,No,No,,0,0,0,0,Yes,2026-03-02,136,"2510ROYAL, 137HORNER",0,,,,,Unknown,Camelot Live,Active Camelot code not matched to transition plan,,,,,
SN01,SN01,West,,,No,No,,0,0,0,0,Yes,2026-10-02,649,MEADOW,621,,,,,Unknown,Camelot Live,Active Camelot code not matched to transition plan,,,,,
US01,US01,West,,,No,No,,0,0,0,0,Yes,2026-08-10,14,BLUNDELL2,7,,,,,Unknown,Camelot Live,Active Camelot code not matched to transition plan,,,,,
JF01,JF01,East,,,No,No,,0,0,0,0,Yes,2026-09-29,136,8470HWY50,0,,,,,Unknown,Camelot Live,Active Camelot code not matched to transition plan,,,,,
HE01,HE01,West,,,No,No,,0,0,0,0,Yes,2026-10-05,143,"MEADOW, BURNABY, BLUNDELL2",0,,,,,Unknown,Camelot Live,Active Camelot code not matched to transition plan,,,,,
NU02,NU02,West,,,No,No,,0,0,0,0,Yes,2026-09-28,51,BLUNDELL2,0,,,,,Unknown,Camelot Live,Active Camelot code not matched to transition plan,,,,,
BB07,BB07,National/Mixed,,,No,No,,0,0,0,0,Yes,2026-10-02,939,"MEADOW, BLUNDELL2, ON, BRAMPTON, TSAWWASSEN, 2510ROYAL",180,,,,,Unknown,Camelot Live,Active Camelot code not matched to transition plan,,,,,
TF02,TF02,East,,,No,No,,0,0,0,0,Yes,2026-06-10,35,2510ROYAL,0,,,,,Unknown,Camelot Live,Active Camelot code not matched to transition plan,,,,,
RB01,RB01,West,,,No,No,,0,0,0,0,Yes,2026-10-01,854,BLUNDELL2,836,,,,,Unknown,Camelot Live,Active Camelot code not matched to transition plan,,,,,
GG02,GG02,West,,,No,No,,0,0,0,0,Yes,2026-10-02,208,"MEADOW, BLUNDELL2, CHTS-2929",0,,,,,Unknown,Camelot Live,Active Camelot code not matched to transition plan,,,,,
CL04,CL04,East,,,No,No,,0,0,0,0,Yes,2026-10-05,974,"2510ROYAL, 8470HWY50",257,,,,,Unknown,Camelot Live,Active Camelot code not matched to transition plan,,,,,
DS03,DS03,East,,,No,No,,0,0,0,0,Yes,2025-10-27,18,8470HWY50,0,,,,,Unknown,Camelot Live,Active Camelot code not matched to transition plan,,,,,
LS01,LS01,West,,,No,No,,0,0,0,0,Yes,2026-09-29,117,MEADOW,0,,,,,Unknown,Camelot Live,Active Camelot code not matched to transition plan,,,,,
MS02,MS02,West,,,No,No,,0,0,0,0,Yes,2026-09-03,103,BLUNDELL2,97,,,,,Unknown,Camelot Live,Active Camelot code not matched to transition plan,,,,,
ZC01,ZC01,West,,,No,No,,0,0,0,0,Yes,2025-10-14,1,BURNABY,0,,,,,Unknown,Camelot Live,Active Camelot code not matched to transition plan,,,,,
CB04,CB04,East,,,No,No,,0,0,0,0,Yes,2026-05-07,7,"8470HWY50, 255HOLIDAY",0,,,,,Unknown,Camelot Live,Active Camelot code not matched to transition plan,,,,,
AC04,AC04,East,,,No,No,,0,0,0,0,Yes,2026-02-20,24,"707BARLOW, 290189TOWN",3,,,,,Unknown,Camelot Live,Active Camelot code not matched to transition plan,,,,,
BS03,BS03,West,,,No,No,,0,0,0,0,Yes,2026-10-01,288,"MEADOW, BURNABY, 1587DERWEN",0,,,,,Unknown,Camelot Live,Active Camelot code not matched to transition plan,,,,,
RH01,RH01,West,,,No,No,,0,0,0,0,Yes,2026-10-01,340,MEADOW,289,,,,,Unknown,Camelot Live,Active Camelot code not matched to transition plan,,,,,
RN01,RN01,West,,,No,No,,0,0,0,0,Yes,2026-10-02,868,BURNABY,0,,,,,Unknown,Camelot Live,Active Camelot code not matched to transition plan,,,,,
BC01,BC01,West,,,No,No,,0,0,0,0,Yes,2026-09-25,76,MEADOW,0,,,,,Unknown,Camelot Live,Active Camelot code not matched to transition plan,,,,,
VS01,VS01,West,,,No,No,,0,0,0,0,Yes,2026-03-24,23,BLUNDELL2,0,,,,,Unknown,Camelot Live,Active Camelot code not matched to transition plan,,,,,
US03,US03,West,,,No,No,,0,0,0,0,Yes,2026-09-17,203,BLUNDELL2,148,,,,,Unknown,Camelot Live,Active Camelot code not matched to transition plan,,,,,
HK01,HK01,National/Mixed,,,No,No,,0,0,0,0,Yes,2026-04-09,88,"BLUNDELL2, 2510ROYAL, 8470HWY50",44,,,,,Unknown,Camelot Live,Active Camelot code not matched to transition plan,,,,,
MG01,MG01,West,,,No,No,,0,0,0,0,Yes,2026-05-27,465,MEADOW,0,,,,,Unknown,Camelot Live,Active Camelot code not matched to transition plan,,,,,
ME02,ME02,East,,,No,No,,0,0,0,0,Yes,2025-10-29,3,"8470HWY50, 6044-20ST",0,,,,,Unknown,Camelot Live,Active Camelot code not matched to transition plan,,,,,
PF03,PF03,West,,,No,No,,0,0,0,0,Yes,2026-01-20,22,BURNABY,22,,,,,Unknown,Camelot Live,Active Camelot code not matched to transition plan,,,,,
PB02,PB02,West,,,No,No,,0,0,0,0,Yes,2026-07-09,3,BURNABY,2,,,,,Unknown,Camelot Live,Active Camelot code not matched to transition plan,,,,,
RT02,RT02,West,,,No,No,,0,0,0,0,Yes,2025-11-04,2,BURNABY,0,,,,,Unknown,Camelot Live,Active Camelot code not matched to transition plan,,,,,
WD01,WD01,Unknown,,,No,No,,0,0,0,0,Yes,2026-02-02,3,DELTA,0,,,,,Unknown,Camelot Live,Active Camelot code not matched to transition plan,,,,,
WB01,WB01,West,,,No,No,,0,0,0,0,Yes,2025-12-10,2,BURNABY,1,,,,,Unknown,Camelot Live,Active Camelot code not matched to transition plan,,,,,
PP04,PP04,West,,,No,No,,0,0,0,0,Yes,2026-09-15,9,MEADOW,0,,,,,Unknown,Camelot Live,Active Camelot code not matched to transition plan,,,,,
FI02,FI02,West,,,No,No,,0,0,0,0,Yes,2026-10-01,78,BURNABY,71,,,,,Unknown,Camelot Live,Active Camelot code not matched to transition plan,,,,,
NC01,NC01,West,,,No,No,,0,0,0,0,Yes,2026-10-02,201,"1587DERWEN, BLUNDELL2",0,,,,,Unknown,Camelot Live,Active Camelot code not matched to transition plan,,,,,
SP06,SP06,West,,,No,No,,0,0,0,0,Yes,2026-08-04,5,BURNABY,5,,,,,Unknown,Camelot Live,Active Camelot code not matched to transition plan,,,,,
MA03,MA03,West,,,No,No,,0,0,0,0,Yes,2026-09-23,99,BURNABY,0,,,,,Unknown,Camelot Live,Active Camelot code not matched to transition plan,,,,,
SF02,SF02,West,,,No,No,,0,0,0,0,Yes,2026-10-02,557,"MEADOW, BURNABY",0,,,,,Unknown,Camelot Live,Active Camelot code not matched to transition plan,,,,,
SO01,SO01,National/Mixed,,,No,No,,0,0,0,0,Yes,2026-09-22,25,"BURNABY, 2510ROYAL",17,,,,,Unknown,Camelot Live,Active Camelot code not matched to transition plan,,,,,
BI05,BI05,East,,,No,No,,0,0,0,0,Yes,2026-09-25,29,2510ROYAL,0,,,,,Unknown,Camelot Live,Active Camelot code not matched to transition plan,,,,,
SM02,SM02,National/Mixed,,,No,No,,0,0,0,0,Yes,2026-09-24,45,"MEADOW, 290189TOWN",0,,,,,Unknown,Camelot Live,Active Camelot code not matched to transition plan,,,,,
PW04,PW04,West,,,No,No,,0,0,0,0,Yes,2026-10-02,41,MEADOW,0,,,,,Unknown,Camelot Live,Active Camelot code not matched to transition plan,,,,,
EC06,EC06,West,,,No,No,,0,0,0,0,Yes,2026-02-05,235,"MEADOW, BLUNDELL2",0,,,,,Unknown,Camelot Live,Active Camelot code not matched to transition plan,,,,,
OG03,OG03,East,,,No,No,,0,0,0,0,Yes,2025-12-12,2,2510ROYAL,0,,,,,Unknown,Camelot Live,Active Camelot code not matched to transition plan,,,,,
AB05,AB05,West,,,No,No,,0,0,0,0,Yes,2026-02-23,3,BLUNDELL2,0,,,,,Unknown,Camelot Live,Active Camelot code not matched to transition plan,,,,,
AB04,AB04,East,,,No,No,,0,0,0,0,Yes,2025-12-09,2,2510ROYAL,0,,,,,Unknown,Camelot Live,Active Camelot code not matched to transition plan,,,,,
CI02,CI02,West,,,No,No,,0,0,0,0,Yes,2025-12-22,2,BURNABY,0,,,,,Unknown,Camelot Live,Active Camelot code not matched to transition plan,,,,,
ZZ11,ZZ11,West,,,No,No,,0,0,0,0,Yes,2026-09-22,11,"BURNABY, BLUNDELL2, 1587DERWEN",0,,,,,Unknown,Camelot Live,Active Camelot code not matched to transition plan,,,,,
GS01,GS01,West,,,No,No,,0,0,0,0,Yes,2026-09-14,137,MEADOW,1,,,,,Unknown,Camelot Live,Active Camelot code not matched to transition plan,,,,,
IT02,IT02,Unknown,,,No,No,,0,0,0,0,Yes,2026-03-26,34,7542PROG,0,,,,,Unknown,Camelot Live,Active Camelot code not matched to transition plan,,,,,
SA02,SA02,West,,,No,No,,0,0,0,0,Yes,2026-09-21,5,MEADOW,0,,,,,Unknown,Camelot Live,Active Camelot code not matched to transition plan,,,,,
JS03,JS03,West,,,No,No,,0,0,0,0,Yes,2026-10-05,3638,"BLUNDELL2, BURNABY, MEADOW",2031,,,,,Unknown,Camelot Live,Active Camelot code not matched to transition plan,,,,,
SV01,SV01,East,,,No,No,,0,0,0,0,Yes,2026-06-02,5,2510ROYAL,0,,,,,Unknown,Camelot Live,Active Camelot code not matched to transition plan,,,,,
ZU01,ZU01,West,,,No,No,,0,0,0,0,Yes,2026-09-14,35,BURNABY,0,,,,,Unknown,Camelot Live,Active Camelot code not matched to transition plan,,,,,
ＷＣ０１,ＷＣ０１,West,,,No,No,,0,0,0,0,Yes,2026-02-23,2,BLUNDELL2,0,,,,,Unknown,Camelot Live,Active Camelot code not matched to transition plan,,,,,
BE02,BE02,West,,,No,No,,0,0,0,0,Yes,2026-01-23,2,BLUNDELL2,0,,,,,Unknown,Camelot Live,Active Camelot code not matched to transition plan,,,,,
SP02,SP02,West,,,No,No,,0,0,0,0,Yes,2026-01-30,1,BURNABY,0,,,,,Unknown,Camelot Live,Active Camelot code not matched to transition plan,,,,,
BG01,BG01,West,,,No,No,,0,0,0,0,Yes,2026-02-11,25,"BURNABY, MEADOW",0,,,,,Unknown,Camelot Live,Active Camelot code not matched to transition plan,,,,,
AC05,AC05,East,,,No,No,,0,0,0,0,Yes,2026-03-05,514,"8470HWY50, 137HORNER, 20HEREFORD, 25BRAMTREE, 2COLONY",414,,,,,Unknown,Camelot Live,Active Camelot code not matched to transition plan,,,,,
EC07,EC07,West,,,No,No,,0,0,0,0,Yes,2026-02-09,2,CHTS-2929,0,,,,,Unknown,Camelot Live,Active Camelot code not matched to transition plan,,,,,
FH02,FH02,Unknown,,,No,No,,0,0,0,0,Yes,2026-02-11,1,,0,,,,,Unknown,Camelot Live,Active Camelot code not matched to transition plan,,,,,
FH01,FH01,West,,,No,No,,0,0,0,0,Yes,2026-02-11,1,MEADOW,0,,,,,Unknown,Camelot Live,Active Camelot code not matched to transition plan,,,,,
PV01,PV01,West,,,No,No,,0,0,0,0,Yes,2026-09-29,17,MEADOW,0,,,,,Unknown,Camelot Live,Active Camelot code not matched to transition plan,,,,,
EC09,EC09,West,,,No,No,,0,0,0,0,Yes,2026-07-17,10,BLUNDELL2,0,,,,,Unknown,Camelot Live,Active Camelot code not matched to transition plan,,,,,
KL06,KL06,Unknown,,,No,No,,0,0,0,0,Yes,2026-02-11,2,EDMONTON,0,,,,,Unknown,Camelot Live,Active Camelot code not matched to transition plan,,,,,
MB04,MB04,Unknown,,,No,No,,0,0,0,0,Yes,2026-02-17,1,,0,,,,,Unknown,Camelot Live,Active Camelot code not matched to transition plan,,,,,
EC08,EC08,West,,,No,No,,0,0,0,0,Yes,2026-08-04,8,BURNABY,0,,,,,Unknown,Camelot Live,Active Camelot code not matched to transition plan,,,,,
AI04,AI04,West,,,No,No,,0,0,0,0,Yes,2026-04-02,63,BURNABY,0,,,,,Unknown,Camelot Live,Active Camelot code not matched to transition plan,,,,,
CS04,CS04,West,,,No,No,,0,0,0,0,Yes,2026-03-12,1,MEADOW,0,,,,,Unknown,Camelot Live,Active Camelot code not matched to transition plan,,,,,
AD03,AD03,West,,,No,No,,0,0,0,0,Yes,2026-10-02,77,"1587DERWEN, BLUNDELL2",0,,,,,Unknown,Camelot Live,Active Camelot code not matched to transition plan,,,,,
BE01,BE01,Unknown,,,No,No,,0,0,0,0,Yes,2026-03-16,1,,0,,,,,Unknown,Camelot Live,Active Camelot code not matched to transition plan,,,,,
MA01,MA01,Unknown,,,No,No,,0,0,0,0,Yes,2026-06-22,7,ANNACIS,0,,,,,Unknown,Camelot Live,Active Camelot code not matched to transition plan,,,,,
XL02,XL02,West,,,No,No,,0,0,0,0,Yes,2026-03-17,9,MEADOW,4,,,,,Unknown,Camelot Live,Active Camelot code not matched to transition plan,,,,,
LS02,LS02,West,,,No,No,,0,0,0,0,Yes,2026-03-19,2,BURNABY,0,,,,,Unknown,Camelot Live,Active Camelot code not matched to transition plan,,,,,
BE04,BE04,West,,,No,No,,0,0,0,0,Yes,2026-08-26,43,BURNABY,39,,,,,Unknown,Camelot Live,Active Camelot code not matched to transition plan,,,,,
OD01,OD01,West,,,No,No,,0,0,0,0,Yes,2026-05-05,15,CHTS-2929,0,,,,,Unknown,Camelot Live,Active Camelot code not matched to transition plan,,,,,
PP06,PP06,West,,,No,No,,0,0,0,0,Yes,2026-03-31,8,BURNABY,0,,,,,Unknown,Camelot Live,Active Camelot code not matched to transition plan,,,,,
DS01,DS01,Unknown,,,No,No,,0,0,0,0,Yes,2026-04-30,1,ANNACIS,0,,,,,Unknown,Camelot Live,Active Camelot code not matched to transition plan,,,,,
FF01,FF01,West,,,No,No,,0,0,0,0,Yes,2026-10-02,209,"MEADOW, CHTS-2929",2,,,,,Unknown,Camelot Live,Active Camelot code not matched to transition plan,,,,,
LA03,LA03,West,,,No,No,,0,0,0,0,Yes,2026-09-28,32,"1587DERWEN, BLUNDELL2",0,,,,,Unknown,Camelot Live,Active Camelot code not matched to transition plan,,,,,
PP07,PP07,East,,,No,No,,0,0,0,0,Yes,2026-09-16,28,"290189TOWN, WINNIPEG",0,,,,,Unknown,Camelot Live,Active Camelot code not matched to transition plan,,,,,
VU01,VU01,National/Mixed,,,No,No,,0,0,0,0,Yes,2026-08-28,94,"TEST1, MEADOW, 8470HWY50",92,,,,,Unknown,Camelot Live,Active Camelot code not matched to transition plan,,,,,
AI01,AI01,East,,,No,No,,0,0,0,0,Yes,2026-05-28,3,2510ROYAL,0,,,,,Unknown,Camelot Live,Active Camelot code not matched to transition plan,,,,,
AI02,AI02,West,,,No,No,,0,0,0,0,Yes,2026-06-05,3,BURNABY,0,,,,,Unknown,Camelot Live,Active Camelot code not matched to transition plan,,,,,
PO02,PO02,West,,,No,No,,0,0,0,0,Yes,2026-07-13,4,MEADOW,0,,,,,Unknown,Camelot Live,Active Camelot code not matched to transition plan,,,,,
ＧＣ０２,ＧＣ０２,West,,,No,No,,0,0,0,0,Yes,2026-06-11,1,MEADOW,0,,,,,Unknown,Camelot Live,Active Camelot code not matched to transition plan,,,,,
ZE02,ZE02,East,,,No,No,,0,0,0,0,Yes,2026-09-23,14,2510ROYAL,0,,,,,Unknown,Camelot Live,Active Camelot code not matched to transition plan,,,,,
PG01,PG01,West,,,No,No,,0,0,0,0,Yes,2026-09-15,3,ALDERGROVE,0,,,,,Unknown,Camelot Live,Active Camelot code not matched to transition plan,,,,,
SH01,SH01,West,,,No,No,,0,0,0,0,Yes,2026-08-18,2,BURNABY,0,,,,,Unknown,Camelot Live,Active Camelot code not matched to transition plan,,,,,
LI01,LI01,West,,,No,No,,0,0,0,0,Yes,2026-03-10,6,BURNABY,0,,,,,Unknown,Camelot Live,Active Camelot code not matched to transition plan,,,,,
PK01,PK01,West,,,No,No,,0,0,0,0,Yes,2025-12-17,3,MEADOW,0,,,,,Unknown,Camelot Live,Active Camelot code not matched to transition plan,,,,,
MB06,MB06,West,,,No,No,,0,0,0,0,Yes,2026-07-22,2,"BLUNDELL2, 1587DERWEN",0,,,,,Unknown,Camelot Live,Active Camelot code not matched to transition plan,,,,,
CS03,CS03,Unknown,,,No,No,,0,0,0,0,Yes,2026-02-11,1,,0,,,,,Unknown,Camelot Live,Active Camelot code not matched to transition plan,,,,,
CW02,CW02,West,,,No,No,,0,0,0,0,Yes,2026-02-20,1,BURNABY,0,,,,,Unknown,Camelot Live,Active Camelot code not matched to transition plan,,,,,
MD02,MD02,West,,,No,No,,0,0,0,0,Yes,2026-06-30,1,BURNABY,0,,,,,Unknown,Camelot Live,Active Camelot code not matched to transition plan,,,,,
CI05,CI05,West,,,No,No,,0,0,0,0,Yes,2026-07-13,2,ALDERGROVE,0,,,,,Unknown,Camelot Live,Active Camelot code not matched to transition plan,,,,,
SF01,SF01,West,,,No,No,,0,0,0,0,Yes,2026-09-18,3,"TDK480, BURNABY",0,,,,,Unknown,Camelot Live,Active Camelot code not matched to transition plan,,,,,
SS02,SS02,West,,,No,No,,0,0,0,0,Yes,2026-02-03,3,MEADOW,0,,,,,Unknown,Camelot Live,Active Camelot code not matched to transition plan,,,,,
AE01,AE01,West,,,No,No,,0,0,0,0,Yes,2025-10-14,1,BURNABY,0,,,,,Unknown,Camelot Live,Active Camelot code not matched to transition plan,,,,,
RS01,RS01,East,,,No,No,,0,0,0,0,Yes,2025-11-10,1,2510ROYAL,0,,,,,Unknown,Camelot Live,Active Camelot code not matched to transition plan,,,,,
SU01,SU01,East,,,No,No,,0,0,0,0,Yes,2025-11-10,3,"2510ROYAL, 8470HWY50",0,,,,,Unknown,Camelot Live,Active Camelot code not matched to transition plan,,,,,
AW02,AW02,West,,,No,No,,0,0,0,0,Yes,2026-01-07,1,BURNABY,0,,,,,Unknown,Camelot Live,Active Camelot code not matched to transition plan,,,,,
TW01,TW01,West,,,No,No,,0,0,0,0,Yes,2026-08-17,48,"MEADOW, BURNABY",0,,,,,Unknown,Camelot Live,Active Camelot code not matched to transition plan,,,,,
ZZ18,ZZ18,West,,,No,No,,0,0,0,0,Yes,2026-02-12,2,BLUNDELL2,0,,,,,Unknown,Camelot Live,Active Camelot code not matched to transition plan,,,,,
ZZ38,ZZ38,West,,,No,No,,0,0,0,0,Yes,2026-01-20,1,BURNABY,0,,,,,Unknown,Camelot Live,Active Camelot code not matched to transition plan,,,,,
ZZ21,ZZ21,West,,,No,No,,0,0,0,0,Yes,2026-01-20,1,BURNABY,0,,,,,Unknown,Camelot Live,Active Camelot code not matched to transition plan,,,,,
NA02,NA02,Unknown,,,No,No,,0,0,0,0,Yes,2026-01-27,1,DELTA,0,,,,,Unknown,Camelot Live,Active Camelot code not matched to transition plan,,,,,
PE01,PE01,Unknown,,,No,No,,0,0,0,0,Yes,2026-02-02,2,RICHMOND,0,,,,,Unknown,Camelot Live,Active Camelot code not matched to transition plan,,,,,
LN01,LN01,Unknown,,,No,No,,0,0,0,0,Yes,2026-02-02,2,"RICHMOND, OLYMPIA",0,,,,,Unknown,Camelot Live,Active Camelot code not matched to transition plan,,,,,
NI02,NI02,Unknown,,,No,No,,0,0,0,0,Yes,2026-02-02,1,,0,,,,,Unknown,Camelot Live,Active Camelot code not matched to transition plan,,,,,
IC01,IC01,Unknown,,,No,No,,0,0,0,0,Yes,2026-02-02,1,DELTA,0,,,,,Unknown,Camelot Live,Active Camelot code not matched to transition plan,,,,,
HC01,HC01,Unknown,,,No,No,,0,0,0,0,Yes,2026-02-02,1,DELTA,0,,,,,Unknown,Camelot Live,Active Camelot code not matched to transition plan,,,,,
CF01,CF01,West,,,No,No,,0,0,0,0,Yes,2026-02-02,3,"BURNABY, DELTA",0,,,,,Unknown,Camelot Live,Active Camelot code not matched to transition plan,,,,,
BF01,BF01,Unknown,,,No,No,,0,0,0,0,Yes,2026-02-02,1,DELTA,0,,,,,Unknown,Camelot Live,Active Camelot code not matched to transition plan,,,,,
BF04,BF04,Unknown,,,No,No,,0,0,0,0,Yes,2026-02-02,1,DELTA,0,,,,,Unknown,Camelot Live,Active Camelot code not matched to transition plan,,,,,
WE01,WE01,Unknown,,,No,No,,0,0,0,0,Yes,2026-02-02,1,,0,,,,,Unknown,Camelot Live,Active Camelot code not matched to transition plan,,,,,
CD01,CD01,Unknown,,,No,No,,0,0,0,0,Yes,2026-02-02,1,DELTA,0,,,,,Unknown,Camelot Live,Active Camelot code not matched to transition plan,,,,,
PP01,PP01,Unknown,,,No,No,,0,0,0,0,Yes,2026-02-04,11,"RICHMOND, DELTA",0,,,,,Unknown,Camelot Live,Active Camelot code not matched to transition plan,,,,,
ZZ23,ZZ23,West,,,No,No,,0,0,0,0,Yes,2026-02-12,1,BURNABY,0,,,,,Unknown,Camelot Live,Active Camelot code not matched to transition plan,,,,,
ZZ12,ZZ12,Unknown,,,No,No,,0,0,0,0,Yes,2026-02-12,2,,0,,,,,Unknown,Camelot Live,Active Camelot code not matched to transition plan,,,,,
CP04,CP04,East,,,No,No,,0,0,0,0,Yes,2026-09-14,120,8470HWY50,0,,,,,Unknown,Camelot Live,Active Camelot code not matched to transition plan,,,,,
AC03,AC03,East,,,No,No,,0,0,0,0,Yes,2026-06-10,1,8470HWY50,0,,,,,Unknown,Camelot Live,Active Camelot code not matched to transition plan,,,,,
GE02,GE02,Unknown,,,No,No,,0,0,0,0,Yes,2026-07-22,1,,0,,,,,Unknown,Camelot Live,Active Camelot code not matched to transition plan,,,,,
KC01,KC01,West,,,No,No,,0,0,0,0,Yes,2026-01-06,1,BURNABY,0,,,,,Unknown,Camelot Live,Active Camelot code not matched to transition plan,,,,,
EC05,EC05,West,,,No,No,,0,0,0,0,Yes,2026-05-01,332,"BURNABY, BLUNDELL2",0,,,,,Unknown,Camelot Live,Active Camelot code not matched to transition plan,,,,,
DB02,DB02,National/Mixed,,,No,No,,0,0,0,0,Yes,2026-05-20,7,"BURNABY, 8470HWY50",0,,,,,Unknown,Camelot Live,Active Camelot code not matched to transition plan,,,,,
SS01,SS01,Unknown,,,No,No,,0,0,0,0,Yes,2025-10-14,1,,0,,,,,Unknown,Camelot Live,Active Camelot code not matched to transition plan,,,,,
OR05,OR05,West,,,No,No,,0,0,0,0,Yes,2026-08-10,25,"MEADOW, BURNABY",0,,,,,Unknown,Camelot Live,Active Camelot code not matched to transition plan,,,,,
RB03,RB03,West,,,No,No,,0,0,0,0,Yes,2025-11-19,2,BURNABY,0,,,,,Unknown,Camelot Live,Active Camelot code not matched to transition plan,,,,,
FP04-CD,FP04-CD,West,,,No,No,,0,0,0,0,Yes,2025-12-30,3,BURNABY,0,,,,,Unknown,Camelot Live,Active Camelot code not matched to transition plan,,,,,
SD03,SD03,West,,,No,No,,0,0,0,0,Yes,2025-12-08,1,BURNABY,0,,,,,Unknown,Camelot Live,Active Camelot code not matched to transition plan,,,,,
TL03,TL03,West,,,No,No,,0,0,0,0,Yes,2026-02-27,6,BURNABY,0,,,,,Unknown,Camelot Live,Active Camelot code not matched to transition plan,,,,,
PE02,PE02,West,,,No,No,,0,0,0,0,Yes,2025-12-29,1,BURNABY,0,,,,,Unknown,Camelot Live,Active Camelot code not matched to transition plan,,,,,
AG02,AG02,West,,,No,No,,0,0,0,0,Yes,2026-03-17,5,BURNABY,0,,,,,Unknown,Camelot Live,Active Camelot code not matched to transition plan,,,,,
FL01,FL01,East,,,No,No,,0,0,0,0,Yes,2026-02-03,1,2510ROYAL,0,,,,,Unknown,Camelot Live,Active Camelot code not matched to transition plan,,,,,
FL02,FL02,West,,,No,No,,0,0,0,0,Yes,2026-04-06,2,BURNABY,0,,,,,Unknown,Camelot Live,Active Camelot code not matched to transition plan,,,,,
BE05,BE05,West,,,No,No,,0,0,0,0,Yes,2026-03-26,1,BURNABY,0,,,,,Unknown,Camelot Live,Active Camelot code not matched to transition plan,,,,,
CT03,CT03,West,,,No,No,,0,0,0,0,Yes,2026-09-21,36,MEADOW,0,,,,,Unknown,Camelot Live,Active Camelot code not matched to transition plan,,,,,
WH18,WH18,East,,,No,No,,0,0,0,0,Yes,2026-07-24,4,290189TOWN,0,,,,,Unknown,Camelot Live,Active Camelot code not matched to transition plan,,,,,
EN01,EN01,West,,,No,No,,0,0,0,0,Yes,2026-06-01,1,BURNABY,0,,,,,Unknown,Camelot Live,Active Camelot code not matched to transition plan,,,,,
CA01,CA01,Unknown,,,No,No,,0,0,0,0,Yes,2026-08-31,1,,0,,,,,Unknown,Camelot Live,Active Camelot code not matched to transition plan,,,,,
